id,first_name,last_name,email,phone,cpf
uR82egbJwQdMfRPBHV4Pr,Deneval,Braga,Deneval_Braga49@live.com,(59) 5405-0584,480.031.767-35
Bxf1XAfy6vX2g09GFYbxI,Hélio,Reis,Hlio.Reis91@gmail.com,+55 (03) 8572-8069,553.390.941-97
48nzUHdoDohsUuwaujTID,Mércia,Melo,Mrcia_Melo81@bol.com.br,(09) 6209-9166,902.413.867-13
nx8LvJk8isEXc8Zb9FNzc,Elísio,Braga,Elsio.Braga@yahoo.com,+55 (84) 6900-8546,956.413.419-67
aRvP4Mza2hHxglgAQg117,Félix,Xavier,Flix12@yahoo.com,(56) 09470-4166,363.163.216-94
TOW3PwhHFhjQ0B9u7ZK_5,Fábio,Santos,Fbio_Santos@live.com,+55 (32) 1724-7766,650.378.031-10
dfEeljrIs55HH8S3DhNP4,Talita,Oliveira,Talita95@hotmail.com,+55 (95) 6971-8226,648.837.957-72
tGiOONaHZPXHziZpkq30E,Dalila,Souza,Dalila_Souza52@live.com,+55 (80) 7120-4822,049.674.426-76
PhkoIm9hnG327KFbQT-69,Ígor,Reis,gor.Reis@live.com,(71) 8471-9098,507.571.677-64
AgauHfdkW2_1goKIE_QkT,Ladislau,Albuquerque,Ladislau.Albuquerque@bol.com.br,(07) 39850-6321,481.181.903-90
nqCwSrN1c1FDnMEJ6Ynsd,Heitor,Santos,Heitor28@bol.com.br,+55 (29) 7844-8439,253.731.470-01
IaywF4oA87O5JEz_Bh7PU,Júlio,Saraiva,Jlio27@yahoo.com,(50) 89394-9863,814.159.189-45
_eUlrY2Hm7PFdFUVeOY91,Gúbio,Reis,Gbio_Reis89@gmail.com,+55 (80) 6685-1400,218.207.640-95
qpKW_G-AZvmTMiKHF-KC2,Víctor,Nogueira,Vctor40@yahoo.com,+55 (28) 5158-4924,310.397.338-16
LIaJC-YJbRQA9MzmdiHam,Lorraine,Martins,Lorraine_Martins@hotmail.com,(12) 9807-5098,600.333.440-19
4dovSZEaHeOAXhLo7wJrV,Morgana,Oliveira,Morgana25@hotmail.com,(22) 99927-4968,505.846.942-10
TK1a4MWzLP8nCH_fsSu2u,Elísio,Xavier,Elsio_Xavier@hotmail.com,+55 (27) 1276-8332,186.882.748-86
VMk3SfWdJ1C9e0eGpChTV,Maria,Carvalho,Maria_Carvalho@yahoo.com,+55 (75) 7688-8464,694.732.157-38
IdDh8wJlHwx2Jr21UYDp7,Bruna,Reis,Bruna.Reis17@live.com,+55 (09) 0962-3312,512.853.058-25
3_DoebRpNOguaEpIhS5wS,Karla,Macedo,Karla.Macedo68@hotmail.com,(50) 0805-0415,518.963.900-21
W3xKyzQQ7Rm9zh7t5ep5J,Paulo,Xavier,Paulo_Xavier@yahoo.com,+55 (52) 2546-9843,304.639.060-20
XBgVBjlkUbBplbMSIQdbO,Deneval,Moreira,Deneval.Moreira@hotmail.com,+55 (23) 4930-7548,337.824.900-53
CwbwN6JEnb4XuhnNn5Ubm,Marli,Barros,Marli.Barros@yahoo.com,+55 (40) 9253-2341,699.397.401-07
bebgQ_SgppkOQW7b75Dhe,Antônio,Nogueira,Antnio_Nogueira75@gmail.com,+55 (69) 1022-3365,854.306.763-49
YAoD_9NuDaPPo3ulGWmR4,Norberto,Albuquerque,Norberto.Albuquerque@bol.com.br,+55 (57) 4925-8440,504.765.901-16
Z0Bz1WiXWiPUMVBuLliO8,Ricardo,Albuquerque,Ricardo.Albuquerque@gmail.com,(34) 00291-6580,441.087.992-83
hXQXQHw5Ck4OuzF0ssmvb,Felícia,Xavier,Felcia_Xavier59@bol.com.br,+55 (00) 2073-1813,035.755.385-30
151JX0zYbnkHAz6X0uHWU,Júlio César,Souza,JlioCsar65@hotmail.com,(94) 53730-2077,718.822.959-78
IUEI3ByN6AIzRgvdKUEOy,Maria,Reis,Maria62@yahoo.com,+55 (60) 4327-5473,031.438.065-59
Tm7-EHg-v3vhnV2RZVL0y,Gúbio,Franco,Gbio.Franco@live.com,(29) 0564-6081,071.576.773-93
LHmSTHJ0XjVKCaAQkmChG,Bruna,Carvalho,Bruna_Carvalho36@hotmail.com,+55 (59) 6749-2765,292.515.103-50
-HmJagugfveZN0--06SBj,Warley,Silva,Warley.Silva16@live.com,+55 (52) 0695-3229,200.036.941-35
NQaa1XjCADAYiznoQDWQ4,Lorena,Melo,Lorena69@hotmail.com,+55 (62) 7738-7263,957.491.954-49
eWEusor_WUaEQYra3LH_X,Paulo,Reis,Paulo32@hotmail.com,(34) 8479-9225,557.524.422-90
9G7d3bIPSTKtm4UpjUYTo,Sirineu,Moraes,Sirineu_Moraes78@yahoo.com,(10) 77168-4977,587.700.901-06
JnJMcaC8uxXIGMPZhbgQQ,Carlos,Nogueira,Carlos.Nogueira15@live.com,+55 (18) 7758-5189,696.560.246-56
y-KflBR_VPjnfrRnyN5Oi,Warley,Moraes,Warley.Moraes48@gmail.com,(84) 8310-3120,754.094.870-10
HXgCsNbgfD4xQar17oCa-,Yango,Costa,Yango96@yahoo.com,(15) 1154-4900,570.021.985-99
RxPP7OlfMve7bvqc1RdIq,Antônio,Albuquerque,Antnio3@live.com,(23) 42065-2489,789.914.419-12
lSgnV1-bLxOoAxy8ndnfh,Ígor,Nogueira,gor76@bol.com.br,+55 (98) 5228-7599,740.006.032-56
vgZCryUTvnFiriJjvVJ1B,Lorraine,Reis,Lorraine_Reis@hotmail.com,(35) 78484-2556,981.734.908-05
SIDb2mP6TIuxATkLjgkzW,Carla,Oliveira,Carla77@yahoo.com,+55 (97) 7709-7138,466.305.189-85
jLPk6t0zdp6WFysc35xtu,Pablo,Saraiva,Pablo.Saraiva66@bol.com.br,+55 (48) 2926-2181,743.310.692-81
1RCg-4MgN21JcVc1flsvk,Ígor,Melo,gor.Melo67@gmail.com,(26) 0927-7874,424.247.420-22
OYEMFDUj_sOmnviJQDPl-,Isabel,Melo,Isabel_Melo@bol.com.br,+55 (90) 8216-4631,084.227.572-06
7Jw7GRwH1ThBHkdvG_eTd,Paulo,Martins,Paulo.Martins67@yahoo.com,(94) 14485-3514,832.015.264-01
P3f9yfGqRWrtg_OvnuRcz,Júlio,Pereira,Jlio_Pereira95@hotmail.com,(56) 96332-5396,531.403.367-48
uzgvGtc4yQROBmu6abtTk,Fabiano,Nogueira,Fabiano68@bol.com.br,(83) 91053-6402,540.209.051-34
g5DhRMnD7PX_6uD3K1BEZ,Fábio,Martins,Fbio_Martins98@bol.com.br,(51) 5222-8483,963.428.823-55
RJKh5iXfdVT5hFWimGE5G,Hugo,Melo,Hugo32@yahoo.com,(33) 8968-3591,621.678.816-73
pi_CEXLqwB82lr705sPPC,Vitória,Xavier,Vitria.Xavier79@gmail.com,(04) 3102-9755,949.247.835-87
rn9DzgUmIqIDWOQB3L2UJ,Deneval,Saraiva,Deneval_Saraiva86@live.com,(56) 90668-8774,845.200.032-45
TWHBfmtMOgSvizlRbG9NU,Antônio,Franco,Antnio_Franco42@yahoo.com,(67) 26541-0793,748.157.695-59
FVQq-EtZ5q3IRaeL8BHMZ,Isabela,Albuquerque,Isabela_Albuquerque@bol.com.br,+55 (69) 4172-2106,741.732.744-32
S5_XVcOYcGjIYsDwO6GDc,Isabela,Saraiva,Isabela.Saraiva11@gmail.com,(69) 41727-1614,178.178.408-65
KjuTXcOM8OZU84gVWfB1Q,Elísio,Barros,Elsio26@live.com,(36) 3024-4588,874.851.800-02
tqSxQMlVkpmWAAvgQIYuk,Frederico,Macedo,Frederico.Macedo53@gmail.com,(26) 8284-3282,007.047.091-04
ZKc7LM6fFgEAiBoaHrPW2,Júlio,Reis,Jlio61@bol.com.br,+55 (01) 8652-2244,324.399.539-62
ZROUTu1eOG9kSKDLWHgsy,Márcia,Barros,Mrcia11@live.com,+55 (97) 8571-3085,804.596.742-00
rL5TyJnYle_rFJMMsgJxc,Bruna,Franco,Bruna_Franco91@live.com,(35) 57717-3868,693.804.567-43
Bg2_TexQv-KHXaqGF7u4t,Hugo,Saraiva,Hugo7@yahoo.com,(53) 1116-9232,000.323.169-09
fDm86QHgjxKejMNRUbKY6,Janaína,Franco,Janana_Franco@live.com,+55 (99) 9611-0089,002.607.366-86
T6EEZFavPo-uccXo0eKzk,Paulo,Saraiva,Paulo95@bol.com.br,(66) 56412-2500,310.261.378-02
hdKkrUAkMG8DDss6ux_x-,Margarida,Nogueira,Margarida54@hotmail.com,(46) 22523-2037,111.569.280-10
rFLR3yDv741c0bu97MSxd,Roberta,Costa,Roberta_Costa14@yahoo.com,(67) 6121-7657,848.810.938-51
EAjlxjkgK7MNlH1EL7DUm,Suélen,Moreira,Sulen38@live.com,(24) 29260-7483,140.634.828-71
JMxRvDv3OonhFUCIswh8L,Warley,Silva,Warley.Silva77@gmail.com,+55 (10) 8862-8207,576.629.089-68
T-T6DYhvMoUHJHpktKkcS,Vicente,Carvalho,Vicente_Carvalho@live.com,+55 (63) 9071-8513,489.199.300-66
8Be0UFe5ZcXrdVuORLxOb,Lucas,Xavier,Lucas_Xavier20@gmail.com,+55 (62) 5423-1337,180.150.338-96
XCuRMrmFZ5zEZTSrye6MJ,Paula,Albuquerque,Paula_Albuquerque41@yahoo.com,+55 (48) 6268-5682,195.157.724-86
epf-KKDzlGBUWIjsSuA6K,Raul,Batista,Raul_Batista@gmail.com,(28) 34680-2165,197.583.202-70
7HnIMAFDpIbE4iK-r2V3m,Nataniel,Xavier,Nataniel_Xavier29@yahoo.com,+55 (87) 4204-3851,314.245.116-15
4qMhKY83zVMtiIvKB5Vqk,Félix,Macedo,Flix33@bol.com.br,(03) 5837-5613,268.947.525-16
Cwr3mOsG1HrimPy9kAeuz,Suélen,Carvalho,Sulen.Carvalho31@gmail.com,+55 (71) 5788-0672,352.759.568-60
Uv2OvRFIIbEmOfGQ_21OE,Frederico,Saraiva,Frederico23@bol.com.br,(89) 5842-3116,520.356.870-71
vT67NlurFFlh9lgKGNRfI,Deneval,Melo,Deneval14@hotmail.com,(82) 2639-5313,203.062.888-34
RkFcXGSqw06XlcKIRqUkf,Guilherme,Moraes,Guilherme.Moraes47@yahoo.com,(55) 4350-1010,098.198.069-41
_cfgO4bC2000FF-KQKAn2,Marcela,Nogueira,Marcela70@bol.com.br,(03) 86068-6087,535.610.976-85
AlXHUaRz6rsvu2cw86yC_,Yago,Reis,Yago_Reis@bol.com.br,(23) 77605-5807,644.597.406-64
UoP5kEX_8LVlkoLHp8DhC,Márcia,Martins,Mrcia_Martins@bol.com.br,+55 (97) 1142-1344,362.538.224-54
NZG0Ac3e3GEMWn8dQaCw7,Núbia,Saraiva,Nbia_Saraiva32@gmail.com,(92) 9761-7818,977.493.987-59
5Vtqg19veBY3dslmdKfI0,Lorraine,Albuquerque,Lorraine34@bol.com.br,(62) 13245-2789,761.063.678-92
JuLoZkEaT9MkVkns2Daxd,Talita,Barros,Talita79@hotmail.com,+55 (97) 5320-5135,452.699.897-43
dVH_rwENQhR-Yf5fnLL2x,Hugo,Saraiva,Hugo9@gmail.com,+55 (62) 9125-0072,222.883.552-80
lnsgcDfUkjx0yYZmJrj1U,Rafael,Costa,Rafael_Costa33@gmail.com,+55 (91) 1878-1813,066.092.456-06
OTox_hXnNWus1ZnggfNi2,Deneval,Braga,Deneval49@hotmail.com,(72) 33618-5996,441.873.415-52
LBVZDGxL1qVl7mflaVi8L,Morgana,Batista,Morgana_Batista89@bol.com.br,(56) 0175-9008,236.333.225-31
TKRTLenYdFPaJC1sGiHNM,Karla,Melo,Karla.Melo83@live.com,(10) 21941-4226,272.205.543-03
LIG24o9pvQ5M8na9x35Yy,Lorena,Santos,Lorena42@live.com,+55 (31) 3494-1232,507.368.831-77
kFf22p9b8PdhW0gnSw9R9,Isabela,Braga,Isabela9@live.com,(60) 47917-0619,228.633.556-78
7pc9wJ5MwPcgRo1z0yHST,César,Barros,Csar77@bol.com.br,(94) 08470-0275,895.027.248-28
U2KUeG2vwFWteTXpF9P90,Aline,Albuquerque,Aline13@hotmail.com,(91) 0982-9912,553.573.427-68
7RTZutZXtD7M7x3uaQS-i,Marcela,Silva,Marcela99@hotmail.com,+55 (72) 7934-8132,266.831.098-93
1MPigdHoX0BjWs_FYGNkF,Lucas,Silva,Lucas_Silva4@yahoo.com,(86) 1082-0277,539.719.478-67
YBWlAcuNFeZCvZfn0SV54,Eduarda,Santos,Eduarda_Santos@bol.com.br,(01) 1783-9593,333.619.976-07
9v5nW-dH9sUtmUfkizJPp,Eduardo,Albuquerque,Eduardo71@hotmail.com,(09) 8965-5719,030.751.348-30
x0IM4M52M03jJ7u4o7PCB,Deneval,Costa,Deneval_Costa@gmail.com,(83) 3893-8921,457.387.051-22
NyEbVXKqrKMFeR-lXhfLv,Lorena,Melo,Lorena_Melo88@yahoo.com,(07) 9995-5289,952.038.063-90
TmXE1z4K_So7VuSEgcHYd,Fábio,Moreira,Fbio72@bol.com.br,+55 (48) 3285-8386,012.622.922-80
XQLZnZR6HUXcfTFhISG53,Guilherme,Moraes,Guilherme73@hotmail.com,(11) 3567-9125,461.469.229-00
-fCUP11GMRUZ5zC7VnQKD,Maria,Moraes,Maria_Moraes4@live.com,(02) 4166-6298,766.297.805-23
US2Gym7KwR9ykJRakV-gf,Roberta,Souza,Roberta_Souza@bol.com.br,(68) 16519-7670,703.214.901-42
DQhh8kB4SZkNTa_CoKlqy,Ladislau,Braga,Ladislau31@bol.com.br,(88) 9042-1144,958.696.077-36
p_M3iMHOGkG85ccdJ9hLV,Márcia,Santos,Mrcia_Santos@live.com,+55 (30) 8763-7095,942.987.770-49
jESlSJ9IPE889WXhdcMir,Janaína,Carvalho,Janana_Carvalho96@hotmail.com,+55 (25) 3959-3971,392.686.756-68
ZoPHFptDVStt5u9DctXdH,Ofélia,Franco,Oflia68@hotmail.com,+55 (54) 1389-7297,764.973.987-24
E6fBkiF0ohbbLgCAmAALG,Marcos,Carvalho,Marcos_Carvalho86@bol.com.br,(11) 71038-2856,270.555.857-83
0LQiA1pZnv2pTaV3OJHXg,Alessandro,Franco,Alessandro.Franco27@live.com,(47) 73235-8999,093.382.715-60
SlaN_nsIx84vqIdGrrxlH,Maria,Nogueira,Maria_Nogueira28@live.com,(80) 9995-6911,450.126.380-69
wy2ISuLWEUQNMJHtM0Cev,Janaína,Saraiva,Janana49@yahoo.com,(72) 7994-2599,420.427.378-52
_i-cp3qzewiz_2y9s-mtR,Marcos,Silva,Marcos.Silva@gmail.com,+55 (77) 4428-3216,614.817.699-87
SiEzHPdueLbXdXZR7ByvN,Júlio César,Souza,JlioCsar_Souza58@live.com,+55 (49) 4284-0106,380.945.585-71
s0ZIMr6FCjigQYhpJEfHF,Margarida,Oliveira,Margarida.Oliveira@live.com,+55 (20) 0940-1703,637.467.763-33
BAJhxMUJQ1xFWMSEmav4E,Júlio,Braga,Jlio_Braga@hotmail.com,+55 (49) 5322-6201,495.311.218-00
3XeoDGpaiWL2ldL70Z31s,Marcelo,Silva,Marcelo.Silva@gmail.com,(05) 5212-8478,597.284.814-70
FmBCwFQFczuwNoFJAw3Gp,Sílvia,Saraiva,Slvia_Saraiva@hotmail.com,+55 (25) 2651-8941,181.922.911-46
X9K-plPjcPAqM1s2ZgwSK,Danilo,Pereira,Danilo_Pereira@bol.com.br,(56) 2586-1048,030.368.950-19
xDLC6x6pa2w3f2ubFawsj,Isabela,Melo,Isabela.Melo74@hotmail.com,(24) 4139-4099,173.512.316-13
x0BmZoe3VQp_gq7SGCVdb,Félix,Santos,Flix_Santos65@gmail.com,(52) 9561-2797,967.493.243-71
EF7EkzgvvhwhzZKuKOwQS,Gúbio,Souza,Gbio_Souza34@hotmail.com,+55 (25) 3427-5943,658.849.080-16
SnvPSRSzYOZAjc34CgZUt,Alessandro,Santos,Alessandro_Santos@live.com,(81) 36023-4574,074.271.989-80
LzDgz9fef_Vjb0Y3O4Frx,Fabiano,Silva,Fabiano59@hotmail.com,(19) 28383-7931,340.689.670-75
m4ebnQCrW5UWmNAFV3pOP,Raul,Moreira,Raul40@gmail.com,(72) 1696-1412,889.308.797-99
lhZoPhdKs0IUUWMsgdZT9,Isabel,Pereira,Isabel_Pereira20@hotmail.com,(94) 8545-2416,376.737.897-36
rVsxEoEry4q7h-BsYI5__,Ígor,Melo,gor8@bol.com.br,(49) 1585-8730,730.736.541-35
3B0hKHTO3UmlNzhSlvZha,Ofélia,Martins,Oflia.Martins12@live.com,(42) 39082-2103,575.955.340-20
z3lKg1y5l-onm6Ca0cTH6,Maria,Oliveira,Maria_Oliveira98@gmail.com,+55 (82) 1366-6117,106.217.387-27
6obxBCH4G5PBuHeiy88_5,Mércia,Batista,Mrcia.Batista11@bol.com.br,(85) 7783-0945,235.279.034-45
5FAbMF2Gnr2BR1Ua6IaeF,Hugo,Nogueira,Hugo.Nogueira@yahoo.com,(55) 40292-7308,151.892.787-43
E0Q8k7ovuaFnMZpKn1XcA,Alessandra,Macedo,Alessandra_Macedo@gmail.com,+55 (57) 5635-5769,995.408.171-29
GD5LU_GocsZtPOglidkUh,Carla,Oliveira,Carla44@bol.com.br,(98) 2427-6446,081.792.619-48
K6nqwk6ZQlSJvPRwKelkd,Guilherme,Franco,Guilherme.Franco96@bol.com.br,+55 (21) 2948-8361,439.037.791-48
nbdKteXnKKnZnYtQlPnE0,Isabel,Costa,Isabel_Costa@live.com,(48) 65546-8014,014.343.372-51
OfT91erh8pyPeuZBp7nO2,Rafael,Braga,Rafael.Braga7@gmail.com,+55 (48) 8424-2647,561.052.970-09
A4fU5UPUwW-eMqBeyGSFo,Alessandro,Oliveira,Alessandro_Oliveira@hotmail.com,+55 (62) 8399-3103,321.572.161-97
nTMVMBuM2L0oyd4XHKulN,Roberta,Reis,Roberta_Reis83@gmail.com,+55 (11) 8574-1126,605.505.441-86
Il0EOoRZZf0c6XlaZHQN9,Fabiano,Albuquerque,Fabiano.Albuquerque33@live.com,+55 (31) 2223-5354,868.258.481-60
jkwuFxghHR8ie-xiU40I5,Alessandra,Barros,Alessandra_Barros94@live.com,(87) 88099-5873,064.453.171-11
nbGrGfsWqkZaZy3pMvhoT,Aline,Braga,Aline_Braga93@live.com,+55 (33) 7765-3151,585.347.422-78
_PsFsLnxV2Phlh8X1kcT5,Raul,Souza,Raul1@live.com,+55 (34) 9759-3653,276.588.777-27
rjSlJqNy73GRWAT_O0biR,Breno,Melo,Breno.Melo@yahoo.com,(68) 36832-0911,765.095.416-10
Yg93KzWCq6rDVts8GL8vM,Carlos,Santos,Carlos40@yahoo.com,(75) 1908-3191,020.414.815-44
NeXchZY4nF7YokKJqpj4W,Fabrício,Braga,Fabrcio.Braga@live.com,+55 (19) 1984-2868,954.625.003-19
LBu5dwXpnrYkYjE0xEvme,Fabiano,Macedo,Fabiano_Macedo@yahoo.com,(59) 7004-2559,292.311.152-43
NjjnM_sZTXNY178mtNiOL,Félix,Braga,Flix.Braga@gmail.com,(73) 8628-4136,221.491.122-72
yC9m2WGHr5QTMIS1G5-ie,Eduardo,Oliveira,Eduardo.Oliveira@gmail.com,(74) 75379-6740,173.316.962-89
nujADCFvcd71qN0LSaQHz,Cecília,Santos,Ceclia23@yahoo.com,(70) 58743-2015,032.101.407-31
8yUWUjW5kfvoyYDqbmjte,Cecília,Moraes,Ceclia_Moraes41@yahoo.com,(60) 66516-8370,179.601.819-85
XMfyBjeQcBW625CYAhQ_Y,Pablo,Santos,Pablo.Santos@gmail.com,(90) 8990-7261,543.412.263-12
-NIy24PvEgiDufkkg5QeI,Warley,Oliveira,Warley88@hotmail.com,(30) 1263-5894,456.182.589-43
uQoHbon-bCUx6s56-gCpK,Raul,Franco,Raul.Franco30@live.com,+55 (88) 5504-0751,142.235.859-32
auJPFR-0MG8lbHbf3EOx7,Gustavo,Melo,Gustavo.Melo@live.com,+55 (44) 5396-6497,996.127.464-43
yup1iBOgbiK0JJ9jq5v0L,Sílvia,Martins,Slvia.Martins@gmail.com,+55 (09) 7279-1894,581.510.509-00
-Mai6Zmf6zOKNve7dqRUb,Eduarda,Santos,Eduarda.Santos13@yahoo.com,(07) 11268-1366,927.290.788-86
eDhBYWUBcoD8yL6mOEtOG,Rafaela,Albuquerque,Rafaela16@yahoo.com,+55 (68) 1385-9177,324.897.821-00
i2B7NnYOrCz7qG-aZ2q_q,Paulo,Oliveira,Paulo21@hotmail.com,+55 (79) 9709-9343,124.128.285-47
Q-kjVzHa80Zfm5tsi1fuT,Eduardo,Saraiva,Eduardo_Saraiva2@bol.com.br,(89) 3897-8363,892.033.553-24
Q7dh8j1gO_RnSXZN46xZN,Rafael,Braga,Rafael73@live.com,+55 (73) 3166-7656,583.627.785-04
t0Wuq6crbvyg8AooVhDj9,Carlos,Batista,Carlos_Batista43@live.com,(01) 2216-1764,293.754.472-00
2uEUu5OFSKljTVxSVA0Jf,Alessandro,Barros,Alessandro.Barros3@bol.com.br,+55 (32) 1693-3764,217.768.492-72
l3VnuOzm3TGOPZWmabGCJ,Esther,Costa,Esther.Costa43@yahoo.com,(33) 76208-8318,632.933.765-92
MXPdZe4mYJHyoHm3OPQgr,Hélio,Reis,Hlio.Reis41@hotmail.com,(28) 79957-8482,627.953.666-14
zVeq1omtoWgYGOZTFJsv3,Carla,Xavier,Carla29@live.com,+55 (69) 0560-4037,292.538.280-05
Q2nIfOyguUbwMJbcMwK_y,Vitória,Santos,Vitria.Santos@hotmail.com,(38) 60725-1163,622.945.246-40
hGBiJvksc1TV5BzNDxmzR,Marcos,Moreira,Marcos21@bol.com.br,(23) 21933-8788,487.362.466-54
9kcbEKji8P5nG2W051l2A,Rafael,Reis,Rafael.Reis@gmail.com,(38) 30913-9539,921.141.585-35
T62LZoorsbQlngVnk6dkD,Ricardo,Barros,Ricardo43@live.com,(84) 00412-7797,319.696.978-90
2P-syNIJCoGoOsAFMWH1T,Maria,Moraes,Maria21@live.com,(98) 5302-1642,655.567.639-68
QQLljXp21DpHPGMhvzmTj,Félix,Carvalho,Flix63@yahoo.com,(27) 95789-3767,401.320.927-60
HhHC3Sxtym_6R0fIets01,Célia,Moraes,Clia.Moraes24@hotmail.com,(29) 3477-5880,554.863.769-01
0-sVd1YT_nx0NhLjqbs1E,Júlia,Saraiva,Jlia_Saraiva30@live.com,+55 (81) 6452-0102,015.063.698-98
cJuGbIDtXCKYeu3jVvx2s,Ígor,Santos,gor68@bol.com.br,(61) 28086-7454,489.187.779-06
BWFBbRB0xA_aYHXlaY7z8,Pedro,Carvalho,Pedro.Carvalho48@yahoo.com,(76) 09602-3834,524.699.533-08
iq2a7Z5YX2QzbZBJexIVD,Júlio,Saraiva,Jlio27@yahoo.com,(36) 3022-2044,099.196.093-90
yCGa5J98tvo7wp227Mhhu,Gustavo,Carvalho,Gustavo.Carvalho33@yahoo.com,(92) 30321-8837,102.938.715-07
bJleAMbjuy9sZePr5RySv,Paula,Melo,Paula51@bol.com.br,+55 (32) 6405-5713,989.419.715-94
lmF3AZeZE8rg5CNdU6hEe,Salvador,Franco,Salvador_Franco@hotmail.com,(91) 1917-4571,391.750.782-01
lSD5nQAN6fDHJWnX-hqzv,Roberta,Franco,Roberta40@bol.com.br,+55 (44) 1218-4994,245.986.128-19
I505ExzoQCoELKEA2biUM,Rafael,Costa,Rafael19@gmail.com,+55 (68) 6282-3451,812.114.343-89
qtPW4E4Wq0d8Q8qsu2_Te,Washington,Saraiva,Washington30@live.com,+55 (33) 1796-6342,308.048.367-79
DJTLEkQaU-OMAScHaH_He,Joana,Albuquerque,Joana.Albuquerque89@yahoo.com,+55 (28) 6928-5432,435.921.967-90
_Mzqdpn20FO7fWfARmYPb,Heitor,Costa,Heitor90@hotmail.com,(27) 66469-2644,482.173.449-49
VqnENqxRjbNwX5tAwZUUq,Breno,Carvalho,Breno0@live.com,(36) 06797-2090,421.762.941-90
Ka5dSPCK617QUX_oTuYuI,Guilherme,Pereira,Guilherme_Pereira47@bol.com.br,(66) 67159-8829,287.882.437-70
AwvCBWgy_MFn6A4WpZsxY,Aline,Carvalho,Aline19@gmail.com,(66) 2554-5244,717.962.945-60
KaPBZXBfc-LR5i5cROhuo,Pedro,Martins,Pedro75@live.com,(18) 60960-0573,149.536.389-99
BoYtTZ_j46X4iLes16d-3,Elísio,Martins,Elsio.Martins@hotmail.com,+55 (43) 5761-0049,761.801.282-27
BT4-TJdMsdINFgkevxSxB,Joana,Braga,Joana_Braga21@live.com,(86) 77505-0473,624.920.391-53
Jip3INBHgqUUPlhxnqzwW,João,Costa,Joo53@yahoo.com,(26) 8061-9861,708.246.378-28
a95NN-ZZMhrjfDE8FYZQX,Fabrícia,Nogueira,Fabrcia_Nogueira9@bol.com.br,(47) 14431-1384,529.105.488-30
eUApnh4P3du8uPwg9glDc,Roberta,Moraes,Roberta_Moraes@gmail.com,(73) 08722-9181,805.292.634-32
3VKw6JyPeWxSqa0CeMMv3,Natália,Braga,Natlia.Braga98@bol.com.br,(36) 7982-4609,912.194.060-66
4GN1f0nOhUykU8fnKP8AQ,Bruna,Franco,Bruna80@live.com,+55 (96) 4472-9014,953.627.077-36
RgHfRRSLxf5emDck0m7TF,Ígor,Moraes,gor1@gmail.com,(71) 30103-4273,176.279.820-49
91WSE9un_VTUhQNVNCCwI,Marcelo,Franco,Marcelo.Franco36@live.com,(72) 6045-5191,210.651.206-64
_FuLfxjxjEugqt9p_raqW,Mércia,Moreira,Mrcia21@hotmail.com,(31) 61566-5276,748.396.966-08
hDarF_vXhUmYwE8amaqHD,Janaína,Santos,Janana_Santos29@gmail.com,+55 (86) 2327-9525,152.283.349-80
66zPm3Z3HmvJW7iLnkF6P,Mércia,Saraiva,Mrcia_Saraiva@yahoo.com,+55 (44) 9554-4022,753.501.444-56
JeR_NbDg1fvvkkTCEJo6Z,Frederico,Franco,Frederico_Franco44@yahoo.com,(22) 8196-0438,938.730.744-19
Pw1AIdsmOpamk6PkuULzJ,Víctor,Martins,Vctor_Martins14@bol.com.br,(94) 2560-3246,335.699.775-01
rmlw3VVbDR-gZfVN0ZGqC,Ígor,Melo,gor46@hotmail.com,+55 (34) 8561-3708,317.029.466-06
mtosNe-3IJhXPAEiHHDGZ,Nataniel,Franco,Nataniel.Franco@bol.com.br,(73) 9326-0075,213.937.428-23
tS-Tt4-QDQ6QHfyN2kIUz,Célia,Santos,Clia_Santos@gmail.com,+55 (97) 4465-4668,165.220.941-77
E4LJ6rJbhHzIpEHH7apyD,Carla,Silva,Carla.Silva@yahoo.com,(98) 01685-7341,137.275.618-31
KKzYHcVOUonKZ0UvmdEid,Tertuliano,Silva,Tertuliano53@gmail.com,(92) 09549-1388,064.275.904-99
fHfkPj7XKJ8-mahxmnE9t,Talita,Moraes,Talita_Moraes@gmail.com,(32) 80056-9688,061.662.182-57
IiJF3dT-JGB8k8MMgCgAn,João,Xavier,Joo.Xavier15@gmail.com,(28) 8195-7741,463.413.573-62
jU09StvFmcua5NSbQ4GMi,Hugo,Franco,Hugo14@gmail.com,+55 (78) 5837-7996,719.214.598-08
LS6iC9RCWF0ll2vh5-POp,Júlia,Nogueira,Jlia.Nogueira@gmail.com,(71) 5425-1736,157.593.511-25
huLvRqWUQG7KeJrbxjI5x,Félix,Souza,Flix.Souza@live.com,+55 (17) 8025-5806,110.372.042-20
6OZmwXhwSCIGzECJUE8y3,Antônio,Martins,Antnio_Martins41@live.com,+55 (69) 5599-7281,493.564.233-50
OJ3dFCL1s_EUDyscXy6_u,Roberto,Costa,Roberto_Costa@live.com,+55 (44) 0337-2597,598.353.925-60
APZ6viPnZd_4eygo45mup,Nataniel,Costa,Nataniel.Costa87@yahoo.com,(92) 02997-9088,508.487.604-76
RG9JVElJ3IE6YS0CnIOqx,Felícia,Moraes,Felcia54@hotmail.com,(37) 22755-5730,058.170.947-03
8-BDR4jgU3yHs8k1eVC6b,Eduardo,Barros,Eduardo21@yahoo.com,+55 (53) 5489-6598,942.560.326-06
NoG06ywubREz6JmjHF04n,Fabiano,Oliveira,Fabiano_Oliveira@hotmail.com,+55 (99) 3273-5693,931.318.158-41
OiX0oEFbmw5Bbl6P_Ivq2,Roberta,Saraiva,Roberta2@hotmail.com,(25) 49299-4291,166.347.757-45
r1BFyrRw2zz-Q_JkjIrnt,Márcia,Silva,Mrcia9@hotmail.com,(12) 77385-0472,177.607.060-73
gycTEWksoAA5NzKXYr1Ir,Sílvia,Albuquerque,Slvia36@hotmail.com,(05) 63427-9723,930.270.053-40
GI6-cUpA5apOdbM0C6ewo,Cecília,Souza,Ceclia_Souza@hotmail.com,(57) 8295-3809,487.030.340-03
E7wQcrx_OKwc-TDBrqg2s,Rafaela,Macedo,Rafaela51@gmail.com,(08) 94280-2867,065.256.536-06
Q4UNPKUfG1LKkIrAwheZw,Gúbio,Oliveira,Gbio.Oliveira46@bol.com.br,(16) 8191-3712,399.201.551-36
MbpShB8SgCD_s-QJgTkej,Ricardo,Macedo,Ricardo.Macedo@hotmail.com,(06) 99650-4374,612.191.875-69
5MZhS-wa9HpXKdAbmoLBJ,Deneval,Carvalho,Deneval.Carvalho@yahoo.com,(06) 39301-2616,775.581.716-44
xxWSbLSOTf4QO9nen1rMH,Lucas,Xavier,Lucas81@gmail.com,+55 (29) 5457-4893,750.027.664-80
imEIHc3nZ3D9P0UPkljx2,Danilo,Albuquerque,Danilo.Albuquerque@gmail.com,(73) 81563-4239,608.733.047-05
pEk6rhxu5ztVgQhVi6kWq,Felícia,Melo,Felcia_Melo34@gmail.com,+55 (98) 6334-1476,212.406.108-90
SNaIPqsAyhwNwVf7bq6LR,Alessandro,Costa,Alessandro_Costa@live.com,(27) 5694-0064,160.367.544-26
PR_-6Bq3-dWBeUXTVO7JR,Meire,Costa,Meire97@yahoo.com,+55 (22) 4468-2794,355.053.208-30
kuXnWjcG9QuoXuBl08NNS,Norberto,Nogueira,Norberto.Nogueira12@gmail.com,(95) 2895-2518,940.466.104-09
sTPb2lQl0oizGTOSLGQA4,Eduarda,Oliveira,Eduarda_Oliveira@yahoo.com,(16) 5847-5553,815.892.988-53
d5_hMQ1C4l_fMQF3Y9Dwq,Ofélia,Moraes,Oflia.Moraes@yahoo.com,(02) 5185-5575,472.490.576-00
uoYI53mISIuz84J7XBslm,Deneval,Franco,Deneval_Franco85@yahoo.com,(83) 93743-9344,775.405.770-02
Z5tViWbyiQh2bIFsnFoND,Isabela,Macedo,Isabela_Macedo80@live.com,(64) 9771-1271,905.551.648-10
jBsv4dgD-frOz3qkWuFjU,Sirineu,Carvalho,Sirineu_Carvalho62@yahoo.com,(51) 2332-9442,705.802.747-13
DaJVzZu28guwZfhJCB29G,Júlia,Franco,Jlia78@yahoo.com,+55 (04) 7260-5308,985.440.946-51
IQoLBrdYF22I0kJp9RZMW,Fabrício,Albuquerque,Fabrcio_Albuquerque12@live.com,(11) 2505-1679,414.720.637-91
nl8zF6TXPTfR_7tHeSX1a,Ladislau,Saraiva,Ladislau12@yahoo.com,(41) 9201-5244,798.521.803-39
4djodTSv01tf0MsPPXzHW,Morgana,Braga,Morgana.Braga39@yahoo.com,(04) 22379-5352,389.226.842-83
gkLuPR8J4nl7HLyxwP48f,Marcelo,Melo,Marcelo_Melo@hotmail.com,(71) 2025-3344,328.048.493-68
JH8RBqc9qVSYVOOz0FqRP,Marcelo,Macedo,Marcelo_Macedo18@yahoo.com,+55 (19) 9921-8928,236.182.963-04
10ZcfKjjvW7-W8fahHAo1,Frederico,Albuquerque,Frederico50@bol.com.br,(17) 91398-3710,723.111.154-80
w9-QOyam-YVmE2_WxFBB2,Heitor,Carvalho,Heitor_Carvalho63@gmail.com,+55 (56) 8361-5113,987.463.312-39
tqIShfzrrzlhwPN8qrD2n,Fábio,Braga,Fbio.Braga58@yahoo.com,(53) 6341-8196,905.357.287-27
e_ocnUpcpZWC8Q7yuMUVA,Roberta,Macedo,Roberta51@gmail.com,(63) 82318-5117,015.984.107-09
G3SxC100YheICwk86wjXK,Tertuliano,Santos,Tertuliano16@yahoo.com,+55 (30) 1752-3946,897.394.572-66
GyRQX6EoN7tyqqyZ8hCaB,Gúbio,Moraes,Gbio87@gmail.com,(58) 75824-9834,098.921.548-27
WwUffkM5hbweEE4y_nsg_,Sara,Martins,Sara11@gmail.com,+55 (34) 2216-4439,148.154.102-16
N65zUG1Kxw4JpWoVtlEam,Natália,Silva,Natlia8@hotmail.com,(79) 6164-6721,180.984.506-86
F3k2E6uiFwt_6iSkPt5Zc,Kléber,Reis,Klber27@bol.com.br,(72) 9380-3988,896.752.169-30
M9r7bvfEznQSfED_5_hjh,Carlos,Carvalho,Carlos_Carvalho79@gmail.com,(72) 80238-8150,486.933.956-02
cSQBWlh-qi6u17N5n8_SQ,Carlos,Barros,Carlos43@hotmail.com,+55 (41) 2005-1744,296.659.074-25
OfTuVBFGfHKG-fHvpIK5_,Mércia,Moreira,Mrcia_Moreira@live.com,(90) 2450-7997,655.342.063-73
8tq3YfHN7mr680mN1PpnM,Márcia,Oliveira,Mrcia_Oliveira@live.com,+55 (44) 1482-7830,383.562.412-19
Ms8Zi5ExSSPb6nYI3X_oQ,Sílvia,Melo,Slvia_Melo58@gmail.com,(48) 4902-7286,600.423.199-19
R9Rpu37LOMDR9xgPpiAyp,Víctor,Oliveira,Vctor.Oliveira@gmail.com,(87) 48337-7758,708.242.362-46
qohKpdhA-BNM4sqEG9Hom,Rafael,Nogueira,Rafael_Nogueira35@live.com,(14) 4943-9188,641.823.242-93
QkKiPL-iITGMw3sHaE-pV,Carla,Reis,Carla.Reis@live.com,+55 (51) 8339-6936,319.577.282-56
E2TP4BOKkaepFwt2xh_KP,Sirineu,Barros,Sirineu_Barros@gmail.com,(82) 93469-5519,827.234.096-86
fhbTk4s79hqQL3qJabJnJ,César,Carvalho,Csar49@bol.com.br,(47) 70426-2033,774.892.037-08
Puhpy-c1lbhseQrDF3y2Q,Núbia,Pereira,Nbia_Pereira2@hotmail.com,(48) 3963-3071,953.388.072-46
BSJYxtpJ4JdY-jq0jSr0z,Alessandra,Batista,Alessandra.Batista3@yahoo.com,(78) 30610-9885,160.783.072-82
mXI-VP_BmT8YvPhtGSPAP,Isabel,Moraes,Isabel.Moraes7@hotmail.com,(28) 7625-2945,411.610.489-28
8TD-zrbWA93M51yYRVQK0,Breno,Carvalho,Breno.Carvalho@bol.com.br,(15) 17313-4016,423.154.163-96
xIMMLfrw-IhRdoWsABGzp,Morgana,Santos,Morgana.Santos96@hotmail.com,(10) 5427-5190,174.451.756-87
nKui9-XBzWH8iFUATdWW7,Nataniel,Oliveira,Nataniel.Oliveira45@live.com,(46) 80558-7438,785.590.909-59
9931X6dGKEgXYX-FftQK0,João,Souza,Joo4@hotmail.com,+55 (76) 4269-0785,039.475.707-67
Qo73c18mAUeE8DhZXWsII,Silas,Barros,Silas.Barros@live.com,(87) 4437-2001,429.484.821-94
stDTTVmfo7Fzanfoni4vQ,Meire,Nogueira,Meire.Nogueira@gmail.com,(24) 4418-3304,103.215.987-17
3Sf2iM3TkiwtOtY0v3JQQ,Danilo,Martins,Danilo10@live.com,+55 (43) 2507-3088,662.458.176-09
BnvsemSgdNpW6BGFGSc9t,Roberta,Oliveira,Roberta71@hotmail.com,+55 (41) 0832-1992,988.800.732-73
RXxkCuqlRiNLs6simF2rA,Núbia,Pereira,Nbia_Pereira89@bol.com.br,+55 (34) 9037-9049,247.579.874-20
zWLUGtch01lbnS3HggnKp,Fabrícia,Braga,Fabrcia22@gmail.com,+55 (16) 3331-7145,048.029.720-75
Dm41UOxy1zIRVHZMuo5AC,Alessandro,Martins,Alessandro_Martins@live.com,(36) 1233-6194,697.804.395-87
e0ncz-pz2YNaAjTm0J4J3,Fabrício,Moraes,Fabrcio_Moraes@bol.com.br,+55 (62) 7038-0684,737.395.120-16
9TXDANLwL5rN8XcZN9LD-,Karla,Carvalho,Karla27@yahoo.com,(95) 4507-5169,172.838.912-77
Ux6eEPl6gtn2jI9hfQtDH,Vitória,Albuquerque,Vitria76@live.com,+55 (33) 4502-5620,798.614.934-50
kr1KuxPtLLEMna7uvm565,Dalila,Santos,Dalila7@hotmail.com,(62) 86838-6150,029.822.614-64
fD4Yl3Rqk8dmBmOaec-jp,Márcia,Melo,Mrcia.Melo42@hotmail.com,(90) 5805-8498,315.586.483-48
ImHysuMFpzZLbgrlu3zPF,Gúbio,Oliveira,Gbio.Oliveira@live.com,(18) 30109-7885,992.996.457-60
-oqxcwmfH5d1SL5iYvRo6,Raul,Braga,Raul_Braga@hotmail.com,+55 (11) 2721-4897,996.524.722-63
cart9y9hHdBJ0-JYZCXqm,Silas,Reis,Silas_Reis@live.com,(56) 7088-8505,101.867.393-89
RTITHOjB_LwZJfrNXEvn5,Paula,Melo,Paula.Melo43@gmail.com,(44) 19321-3904,406.691.417-98
luee51MvsejZAG30Uzygd,Ricardo,Batista,Ricardo_Batista@yahoo.com,(49) 48550-0433,791.172.148-31
